id;salary
new_employee_year_1_key_male_groupe_5_year_1;171666,0
new_employee_year_1_key_male_groupe_2_year_1;52020,0
new_employee_year_1_key_male_groupe_6_year_1;171666,0
new_employee_year_1_key_male_groupe_3_year_1;75949,2
new_employee_year_1_key_male_groupe_7_year_1;322524,0
new_employee_year_1_key_male_groupe_4_year_1;107161,2
new_employee_year_1_key_male_groupe_11_year_1;582624,0
new_employee_year_1_key_male_groupe_8_year_1;340210,8
new_employee_year_1_key_male_groupe_10_year_1;410958,0
new_employee_year_1_key_male_groupe_9_year_1;400554,0
new_employee_year_1_key_male_groupe_1_year_1;52020,0
new_employee_year_2_key_male_groupe_5_year_2;175099,32000000004
new_employee_year_2_key_male_groupe_2_year_2;53060,40000000001
new_employee_year_2_key_male_groupe_6_year_2;175099,32000000004
new_employee_year_2_key_male_groupe_3_year_2;77468,18400000001
new_employee_year_2_key_male_groupe_7_year_2;328974,48000000004
new_employee_year_2_key_male_groupe_4_year_2;109304,42400000001
new_employee_year_2_key_male_groupe_11_year_2;594276,4800000001
new_employee_year_2_key_male_groupe_8_year_2;347015,01600000006
new_employee_year_2_key_male_groupe_10_year_2;419177,16000000003
new_employee_year_2_key_male_groupe_9_year_2;408565,0800000001
new_employee_year_2_key_male_groupe_1_year_2;53060,40000000001
new_employee_year_3_key_male_groupe_5_year_3;178601,3064
new_employee_year_3_key_male_groupe_2_year_3;54121,608
new_employee_year_3_key_male_groupe_6_year_3;178601,3064
new_employee_year_3_key_male_groupe_3_year_3;79017,54768
new_employee_year_3_key_male_groupe_7_year_3;335553,9696
new_employee_year_3_key_male_groupe_4_year_3;111490,51247999999
new_employee_year_3_key_male_groupe_11_year_3;606162,0096
new_employee_year_3_key_male_groupe_8_year_3;353955,31632
new_employee_year_3_key_male_groupe_10_year_3;427560,7032
new_employee_year_3_key_male_groupe_9_year_3;416736,38159999996
new_employee_year_3_key_male_groupe_1_year_3;54121,608
new_employee_year_4_key_male_groupe_5_year_4;182173,332528
new_employee_year_4_key_male_groupe_2_year_4;55204,040160000004
new_employee_year_4_key_male_groupe_6_year_4;182173,332528
new_employee_year_4_key_male_groupe_3_year_4;80597,8986336
new_employee_year_4_key_male_groupe_7_year_4;342265,048992
new_employee_year_4_key_male_groupe_4_year_4;113720,3227296
new_employee_year_4_key_male_groupe_11_year_4;618285,249792
new_employee_year_4_key_male_groupe_8_year_4;361034,4226464
new_employee_year_4_key_male_groupe_10_year_4;436111,917264
new_employee_year_4_key_male_groupe_9_year_4;425071,109232
new_employee_year_4_key_male_groupe_1_year_4;55204,040160000004
new_employee_year_5_key_male_groupe_5_year_5;185816,79917856
new_employee_year_5_key_male_groupe_2_year_5;56308,1209632
new_employee_year_5_key_male_groupe_6_year_5;185816,79917856
new_employee_year_5_key_male_groupe_3_year_5;82209,856606272
new_employee_year_5_key_male_groupe_7_year_5;349110,34997184004
new_employee_year_5_key_male_groupe_4_year_5;115994,72918419201
new_employee_year_5_key_male_groupe_11_year_5;630650,95478784
new_employee_year_5_key_male_groupe_8_year_5;368255,11109932803
new_employee_year_5_key_male_groupe_10_year_5;444834,15560928005
new_employee_year_5_key_male_groupe_9_year_5;433572,53141664003
new_employee_year_5_key_male_groupe_1_year_5;56308,1209632
new_employee_year_6_key_male_groupe_5_year_6;189533,13516213122
new_employee_year_6_key_male_groupe_2_year_6;57434,283382464004
new_employee_year_6_key_male_groupe_6_year_6;189533,13516213122
new_employee_year_6_key_male_groupe_3_year_6;83854,05373839744
new_employee_year_6_key_male_groupe_7_year_6;356092,5569712768
new_employee_year_6_key_male_groupe_4_year_6;118314,62376787585
new_employee_year_6_key_male_groupe_11_year_6;643263,9738835968
new_employee_year_6_key_male_groupe_8_year_6;375620,2133213146
new_employee_year_6_key_male_groupe_10_year_6;453730,8387214656
new_employee_year_6_key_male_groupe_9_year_6;442243,9820449728
new_employee_year_6_key_male_groupe_1_year_6;57434,283382464004
new_employee_year_7_key_male_groupe_5_year_7;193323,79786537384
new_employee_year_7_key_male_groupe_2_year_7;58582,969050113286
new_employee_year_7_key_male_groupe_6_year_7;193323,79786537384
new_employee_year_7_key_male_groupe_3_year_7;85531,1348131654
new_employee_year_7_key_male_groupe_7_year_7;363214,40811070235
new_employee_year_7_key_male_groupe_4_year_7;120680,91624323337
new_employee_year_7_key_male_groupe_11_year_7;656129,2533612688
new_employee_year_7_key_male_groupe_8_year_7;383132,6175877409
new_employee_year_7_key_male_groupe_10_year_7;462805,45549589494
new_employee_year_7_key_male_groupe_9_year_7;451088,8616858723
new_employee_year_7_key_male_groupe_1_year_7;58582,969050113286
new_employee_year_8_key_male_groupe_5_year_8;197190,27382268134
new_employee_year_8_key_male_groupe_2_year_8;59754,628431115554
new_employee_year_8_key_male_groupe_6_year_8;197190,27382268134
new_employee_year_8_key_male_groupe_3_year_8;87241,7575094287
new_employee_year_8_key_male_groupe_7_year_8;370478,69627291645
new_employee_year_8_key_male_groupe_4_year_8;123094,53456809804
new_employee_year_8_key_male_groupe_11_year_8;669251,8384284942
new_employee_year_8_key_male_groupe_8_year_8;390795,2699394957
new_employee_year_8_key_male_groupe_10_year_8;472061,5646058129
new_employee_year_8_key_male_groupe_9_year_8;460110,63891958975
new_employee_year_8_key_male_groupe_1_year_8;59754,628431115554
new_employee_year_9_key_male_groupe_5_year_9;201134,07929913496
new_employee_year_9_key_male_groupe_2_year_9;60949,72099973787
new_employee_year_9_key_male_groupe_6_year_9;201134,07929913496
new_employee_year_9_key_male_groupe_3_year_9;88986,59265961728
new_employee_year_9_key_male_groupe_7_year_9;377888,27019837475
new_employee_year_9_key_male_groupe_4_year_9;125556,42525946001
new_employee_year_9_key_male_groupe_11_year_9;682636,8751970641
new_employee_year_9_key_male_groupe_8_year_9;398611,1753382856
new_employee_year_9_key_male_groupe_10_year_9;481502,7958979292
new_employee_year_9_key_male_groupe_9_year_9;469312,8516979816
new_employee_year_9_key_male_groupe_1_year_9;60949,72099973787
new_employee_year_10_key_male_groupe_5_year_10;205156,76088511766
new_employee_year_10_key_male_groupe_2_year_10;62168,71541973262
new_employee_year_10_key_male_groupe_6_year_10;205156,76088511766
new_employee_year_10_key_male_groupe_3_year_10;90766,32451280963
new_employee_year_10_key_male_groupe_7_year_10;385446,0356023423
new_employee_year_10_key_male_groupe_4_year_10;128067,5537646492
new_employee_year_10_key_male_groupe_11_year_10;696289,6127010054
new_employee_year_10_key_male_groupe_8_year_10;406583,39884505136
new_employee_year_10_key_male_groupe_10_year_10;491132,8518158877
new_employee_year_10_key_male_groupe_9_year_10;478699,1087319412
new_employee_year_10_key_male_groupe_1_year_10;62168,71541973262
new_employee_year_11_key_male_groupe_5_year_11;209259,89610282
new_employee_year_11_key_male_groupe_2_year_11;63412,08972812728
new_employee_year_11_key_male_groupe_6_year_11;209259,89610282
new_employee_year_11_key_male_groupe_3_year_11;92581,65100306582
new_employee_year_11_key_male_groupe_7_year_11;393154,9563143891
new_employee_year_11_key_male_groupe_4_year_11;130628,90483994219
new_employee_year_11_key_male_groupe_11_year_11;710215,4049550255
new_employee_year_11_key_male_groupe_8_year_11;414715,06682195235
new_employee_year_11_key_male_groupe_10_year_11;500955,5088522055
new_employee_year_11_key_male_groupe_9_year_11;488273,09090658004
new_employee_year_11_key_male_groupe_1_year_11;63412,08972812728
new_employee_year_12_key_male_groupe_5_year_12;213445,09402487642
new_employee_year_12_key_male_groupe_2_year_12;64680,33152268983
new_employee_year_12_key_male_groupe_6_year_12;213445,09402487642
new_employee_year_12_key_male_groupe_3_year_12;94433,28402312714
new_employee_year_12_key_male_groupe_7_year_12;401018,0554406769
new_employee_year_12_key_male_groupe_4_year_12;133241,48293674106
new_employee_year_12_key_male_groupe_11_year_12;724419,713054126
new_employee_year_12_key_male_groupe_8_year_12;423009,36815839144
new_employee_year_12_key_male_groupe_10_year_12;510974,61902924965
new_employee_year_12_key_male_groupe_9_year_12;498038,55272471166
new_employee_year_12_key_male_groupe_1_year_12;64680,33152268983
new_employee_year_13_key_male_groupe_5_year_13;217713,99590537394
new_employee_year_13_key_male_groupe_2_year_13;65973,93815314362
new_employee_year_13_key_male_groupe_6_year_13;217713,99590537394
new_employee_year_13_key_male_groupe_3_year_13;96321,94970358968
new_employee_year_13_key_male_groupe_7_year_13;409038,4165494904
new_employee_year_13_key_male_groupe_4_year_13;135906,31259547584
new_employee_year_13_key_male_groupe_11_year_13;738908,1073152085
new_employee_year_13_key_male_groupe_8_year_13;431469,55552155926
new_employee_year_13_key_male_groupe_10_year_13;521194,1114098346
new_employee_year_13_key_male_groupe_9_year_13;507999,32377920585
new_employee_year_13_key_male_groupe_1_year_13;65973,93815314362
new_employee_year_14_key_male_groupe_5_year_14;222068,27582348144
new_employee_year_14_key_male_groupe_2_year_14;67293,4169162065
new_employee_year_14_key_male_groupe_6_year_14;222068,27582348144
new_employee_year_14_key_male_groupe_3_year_14;98248,38869766149
new_employee_year_14_key_male_groupe_7_year_14;417219,1848804803
new_employee_year_14_key_male_groupe_4_year_14;138624,43884738538
new_employee_year_14_key_male_groupe_11_year_14;753686,2694615127
new_employee_year_14_key_male_groupe_8_year_14;440098,9466319905
new_employee_year_14_key_male_groupe_10_year_14;531617,9936380313
new_employee_year_14_key_male_groupe_9_year_14;518159,31025479
new_employee_year_14_key_male_groupe_1_year_14;67293,4169162065
new_employee_year_15_key_male_groupe_5_year_15;226509,64133995105
new_employee_year_15_key_male_groupe_2_year_15;68639,28525453062
new_employee_year_15_key_male_groupe_6_year_15;226509,64133995105
new_employee_year_15_key_male_groupe_3_year_15;100213,35647161471
new_employee_year_15_key_male_groupe_7_year_15;425563,5685780899
new_employee_year_15_key_male_groupe_4_year_15;141396,9276243331
new_employee_year_15_key_male_groupe_11_year_15;768759,994850743
new_employee_year_15_key_male_groupe_8_year_15;448900,9255646303
new_employee_year_15_key_male_groupe_10_year_15;542250,3535107919
new_employee_year_15_key_male_groupe_9_year_15;528522,4964598858
new_employee_year_15_key_male_groupe_1_year_15;68639,28525453062
new_employee_year_16_key_male_groupe_5_year_16;231039,8341667501
new_employee_year_16_key_male_groupe_2_year_16;70012,07095962124
new_employee_year_16_key_male_groupe_6_year_16;231039,8341667501
new_employee_year_16_key_male_groupe_3_year_16;102217,62360104702
new_employee_year_16_key_male_groupe_7_year_16;434074,8399496517
new_employee_year_16_key_male_groupe_4_year_16;144224,86617681975
new_employee_year_16_key_male_groupe_11_year_16;784135,1947477579
new_employee_year_16_key_male_groupe_8_year_16;457878,94407592295
new_employee_year_16_key_male_groupe_10_year_16;553095,3605810078
new_employee_year_16_key_male_groupe_9_year_16;539092,9463890835
new_employee_year_16_key_male_groupe_1_year_16;70012,07095962124
new_employee_year_17_key_male_groupe_5_year_17;235660,63085008512
new_employee_year_17_key_male_groupe_2_year_17;71412,31237881367
new_employee_year_17_key_male_groupe_6_year_17;235660,63085008512
new_employee_year_17_key_male_groupe_3_year_17;104261,97607306796
new_employee_year_17_key_male_groupe_7_year_17;442756,33674864477
new_employee_year_17_key_male_groupe_4_year_17;147109,36350035615
new_employee_year_17_key_male_groupe_11_year_17;799817,8986427131
new_employee_year_17_key_male_groupe_8_year_17;467036,5229574414
new_employee_year_17_key_male_groupe_10_year_17;564157,267792628
new_employee_year_17_key_male_groupe_9_year_17;549874,8053168652
new_employee_year_17_key_male_groupe_1_year_17;71412,31237881367
new_employee_year_18_key_male_groupe_5_year_18;240373,8434670868
new_employee_year_18_key_male_groupe_2_year_18;72840,55862638995
new_employee_year_18_key_male_groupe_6_year_18;240373,8434670868
new_employee_year_18_key_male_groupe_3_year_18;106347,2155945293
new_employee_year_18_key_male_groupe_7_year_18;451611,46348361764
new_employee_year_18_key_male_groupe_4_year_18;150051,55077036328
new_employee_year_18_key_male_groupe_11_year_18;815814,2566155674
new_employee_year_18_key_male_groupe_8_year_18;476377,2534165902
new_employee_year_18_key_male_groupe_10_year_18;575440,4131484805
new_employee_year_18_key_male_groupe_9_year_18;560872,3014232025
new_employee_year_18_key_male_groupe_1_year_18;72840,55862638995
new_employee_year_19_key_male_groupe_5_year_19;245181,32033642856
new_employee_year_19_key_male_groupe_2_year_19;74297,36979891775
new_employee_year_19_key_male_groupe_6_year_19;245181,32033642856
new_employee_year_19_key_male_groupe_3_year_19;108474,15990641991
new_employee_year_19_key_male_groupe_7_year_19;460643,69275329
new_employee_year_19_key_male_groupe_4_year_19;153052,58178577054
new_employee_year_19_key_male_groupe_11_year_19;832130,5417478788
new_employee_year_19_key_male_groupe_8_year_19;485904,79848492204
new_employee_year_19_key_male_groupe_10_year_19;586949,2214114502
new_employee_year_19_key_male_groupe_9_year_19;572089,7474516666
new_employee_year_19_key_male_groupe_1_year_19;74297,36979891775
new_employee_year_20_key_male_groupe_5_year_20;250084,9467431571
new_employee_year_20_key_male_groupe_2_year_20;75783,3171948961
new_employee_year_20_key_male_groupe_6_year_20;250084,9467431571
new_employee_year_20_key_male_groupe_3_year_20;110643,6431045483
new_employee_year_20_key_male_groupe_7_year_20;469856,5666083558
new_employee_year_20_key_male_groupe_4_year_20;156113,63342148595
new_employee_year_20_key_male_groupe_11_year_20;848773,1525828362
new_employee_year_20_key_male_groupe_8_year_20;495622,89445462043
new_employee_year_20_key_male_groupe_10_year_20;598688,2058396791
new_employee_year_20_key_male_groupe_9_year_20;583531,5424006999
new_employee_year_20_key_male_groupe_1_year_20;75783,3171948961
new_employee_year_21_key_male_groupe_5_year_21;255086,64567802026
new_employee_year_21_key_male_groupe_2_year_21;77298,98353879403
new_employee_year_21_key_male_groupe_6_year_21;255086,64567802026
new_employee_year_21_key_male_groupe_3_year_21;112856,51596663927
new_employee_year_21_key_male_groupe_7_year_21;479253,6979405229
new_employee_year_21_key_male_groupe_4_year_21;159235,9060899157
new_employee_year_21_key_male_groupe_11_year_21;865748,6156344931
new_employee_year_21_key_male_groupe_8_year_21;505535,3523437129
new_employee_year_21_key_male_groupe_10_year_21;610661,9699564727
new_employee_year_21_key_male_groupe_9_year_21;595202,173248714
new_employee_year_21_key_male_groupe_1_year_21;77298,98353879403
new_employee_year_22_key_male_groupe_5_year_22;260188,3785915807
new_employee_year_22_key_male_groupe_2_year_22;78844,9632095699
new_employee_year_22_key_male_groupe_6_year_22;260188,3785915807
new_employee_year_22_key_male_groupe_3_year_22;115113,64628597206
new_employee_year_22_key_male_groupe_7_year_22;488838,7718993334
new_employee_year_22_key_male_groupe_4_year_22;162420,62421171402
new_employee_year_22_key_male_groupe_11_year_22;883063,5879471829
new_employee_year_22_key_male_groupe_8_year_22;515646,0593905872
new_employee_year_22_key_male_groupe_10_year_22;622875,2093556023
new_employee_year_22_key_male_groupe_9_year_22;607106,2167136883
new_employee_year_22_key_male_groupe_1_year_22;78844,9632095699
new_employee_year_23_key_male_groupe_5_year_23;265392,1461634123
new_employee_year_23_key_male_groupe_2_year_23;80421,86247376131
new_employee_year_23_key_male_groupe_6_year_23;265392,1461634123
new_employee_year_23_key_male_groupe_3_year_23;117415,91921169151
new_employee_year_23_key_male_groupe_7_year_23;498615,5473373201
new_employee_year_23_key_male_groupe_4_year_23;165669,0366959483
new_employee_year_23_key_male_groupe_11_year_23;900724,8597061266
new_employee_year_23_key_male_groupe_8_year_23;525958,9805783989
new_employee_year_23_key_male_groupe_10_year_23;635332,7135427144
new_employee_year_23_key_male_groupe_9_year_23;619248,3410479621
new_employee_year_23_key_male_groupe_1_year_23;80421,86247376131
new_employee_year_24_key_male_groupe_5_year_24;270699,9890866806
new_employee_year_24_key_male_groupe_2_year_24;82030,29972323653
new_employee_year_24_key_male_groupe_6_year_24;270699,9890866806
new_employee_year_24_key_male_groupe_3_year_24;119764,23759592534
new_employee_year_24_key_male_groupe_7_year_24;508587,8582840665
new_employee_year_24_key_male_groupe_4_year_24;168982,41742986726
new_employee_year_24_key_male_groupe_11_year_24;918739,3569002491
new_employee_year_24_key_male_groupe_8_year_24;536478,1601899669
new_employee_year_24_key_male_groupe_10_year_24;648039,3678135686
new_employee_year_24_key_male_groupe_9_year_24;631633,3078689213
new_employee_year_24_key_male_groupe_1_year_24;82030,29972323653
new_employee_year_25_key_male_groupe_5_year_25;276113,98886841413
new_employee_year_25_key_male_groupe_2_year_25;83670,90571770126
new_employee_year_25_key_male_groupe_6_year_25;276113,98886841413
new_employee_year_25_key_male_groupe_3_year_25;122159,52234784384
new_employee_year_25_key_male_groupe_7_year_25;518759,6154497478
new_employee_year_25_key_male_groupe_4_year_25;172362,0657784646
new_employee_year_25_key_male_groupe_11_year_25;937114,1440382542
new_employee_year_25_key_male_groupe_8_year_25;547207,7233937662
new_employee_year_25_key_male_groupe_10_year_25;661000,15516984
new_employee_year_25_key_male_groupe_9_year_25;644265,9740262997
new_employee_year_25_key_male_groupe_1_year_25;83670,90571770126
new_employee_year_26_key_male_groupe_5_year_26;281636,2686457825
new_employee_year_26_key_male_groupe_2_year_26;85344,32383205529
new_employee_year_26_key_male_groupe_6_year_26;281636,2686457825
new_employee_year_26_key_male_groupe_3_year_26;124602,71279480073
new_employee_year_26_key_male_groupe_7_year_26;529134,8077587428
new_employee_year_26_key_male_groupe_4_year_26;175809,3070940339
new_employee_year_26_key_male_groupe_11_year_26;955856,4269190193
new_employee_year_26_key_male_groupe_8_year_26;558151,8778616416
new_employee_year_26_key_male_groupe_10_year_26;674220,1582732368
new_employee_year_26_key_male_groupe_9_year_26;657151,2935068257
new_employee_year_26_key_male_groupe_1_year_26;85344,32383205529
new_employee_year_27_key_male_groupe_5_year_27;287268,9940186981
new_employee_year_27_key_male_groupe_2_year_27;87051,2103086964
new_employee_year_27_key_male_groupe_6_year_27;287268,9940186981
new_employee_year_27_key_male_groupe_3_year_27;127094,76705069676
new_employee_year_27_key_male_groupe_7_year_27;539717,5039139177
new_employee_year_27_key_male_groupe_4_year_27;179325,4932359146
new_employee_year_27_key_male_groupe_11_year_27;974973,5554573997
new_employee_year_27_key_male_groupe_8_year_27;569314,9154188745
new_employee_year_27_key_male_groupe_10_year_27;687704,5614387016
new_employee_year_27_key_male_groupe_9_year_27;670294,3193769623
new_employee_year_27_key_male_groupe_1_year_27;87051,2103086964
new_employee_year_28_key_male_groupe_5_year_28;293014,37389907206
new_employee_year_28_key_male_groupe_2_year_28;88792,23451487033
new_employee_year_28_key_male_groupe_6_year_28;293014,37389907206
new_employee_year_28_key_male_groupe_3_year_28;129636,66239171068
new_employee_year_28_key_male_groupe_7_year_28;550511,853992196
new_employee_year_28_key_male_groupe_4_year_28;182912,00310063286
new_employee_year_28_key_male_groupe_11_year_28;994473,0265665477
new_employee_year_28_key_male_groupe_8_year_28;580701,213727252
new_employee_year_28_key_male_groupe_10_year_28;701458,6526674756
new_employee_year_28_key_male_groupe_9_year_28;683700,2057645015
new_employee_year_28_key_male_groupe_1_year_28;88792,23451487033
new_employee_year_29_key_male_groupe_5_year_29;298874,66137705353
new_employee_year_29_key_male_groupe_2_year_29;90568,07920516774
new_employee_year_29_key_male_groupe_6_year_29;298874,66137705353
new_employee_year_29_key_male_groupe_3_year_29;132229,3956395449
new_employee_year_29_key_male_groupe_7_year_29;561522,09107204
new_employee_year_29_key_male_groupe_4_year_29;186570,24316264555
new_employee_year_29_key_male_groupe_11_year_29;1014362,4870978787
new_employee_year_29_key_male_groupe_8_year_29;592315,238001797
new_employee_year_29_key_male_groupe_10_year_29;715487,8257208251
new_employee_year_29_key_male_groupe_9_year_29;697374,2098797916
new_employee_year_29_key_male_groupe_1_year_29;90568,07920516774
new_employee_year_30_key_male_groupe_5_year_30;304852,15460459463
new_employee_year_30_key_male_groupe_2_year_30;92379,44078927109
new_employee_year_30_key_male_groupe_6_year_30;304852,15460459463
new_employee_year_30_key_male_groupe_3_year_30;134873,9835523358
new_employee_year_30_key_male_groupe_7_year_30;572752,5328934807
new_employee_year_30_key_male_groupe_4_year_30;190301,64802589847
new_employee_year_30_key_male_groupe_11_year_30;1034649,7368398362
new_employee_year_30_key_male_groupe_8_year_30;604161,5427618329
new_employee_year_30_key_male_groupe_10_year_30;729797,5822352417
new_employee_year_30_key_male_groupe_9_year_30;711321,6940773875
new_employee_year_30_key_male_groupe_1_year_30;92379,44078927109
new_employee_year_31_key_male_groupe_5_year_31;310949,1976966865
new_employee_year_31_key_male_groupe_2_year_31;94227,02960505651
new_employee_year_31_key_male_groupe_6_year_31;310949,1976966865
new_employee_year_31_key_male_groupe_3_year_31;137571,4632233825
new_employee_year_31_key_male_groupe_7_year_31;584207,5835513504
new_employee_year_31_key_male_groupe_4_year_31;194107,6809864164
new_employee_year_31_key_male_groupe_11_year_31;1055342,731576633
new_employee_year_31_key_male_groupe_8_year_31;616244,7736170696
new_employee_year_31_key_male_groupe_10_year_31;744393,5338799465
new_employee_year_31_key_male_groupe_9_year_31;725548,1279589351
new_employee_year_31_key_male_groupe_1_year_31;94227,02960505651
new_employee_year_32_key_male_groupe_5_year_32;317168,18165062024
new_employee_year_32_key_male_groupe_2_year_32;96111,57019715765
new_employee_year_32_key_male_groupe_6_year_32;317168,18165062024
new_employee_year_32_key_male_groupe_3_year_32;140322,89248785016
new_employee_year_32_key_male_groupe_7_year_32;595891,7352223775
new_employee_year_32_key_male_groupe_4_year_32;197989,83460614475
new_employee_year_32_key_male_groupe_11_year_32;1076449,5862081656
new_employee_year_32_key_male_groupe_8_year_32;628569,669089411
new_employee_year_32_key_male_groupe_10_year_32;759281,4045575454
new_employee_year_32_key_male_groupe_9_year_32;740059,0905181139
new_employee_year_32_key_male_groupe_1_year_32;96111,57019715765
new_employee_year_33_key_male_groupe_5_year_33;323511,54528363264
new_employee_year_33_key_male_groupe_2_year_33;98033,8016011008
new_employee_year_33_key_male_groupe_6_year_33;323511,54528363264
new_employee_year_33_key_male_groupe_3_year_33;143129,35033760717
new_employee_year_33_key_male_groupe_7_year_33;607809,569926825
new_employee_year_33_key_male_groupe_4_year_33;201949,63129826766
new_employee_year_33_key_male_groupe_11_year_33;1097978,577932329
new_employee_year_33_key_male_groupe_8_year_33;641141,0624711992
new_employee_year_33_key_male_groupe_10_year_33;774467,0326486963
new_employee_year_33_key_male_groupe_9_year_33;754860,2723284762
new_employee_year_33_key_male_groupe_1_year_33;98033,8016011008
new_employee_year_34_key_male_groupe_5_year_34;329981,7761893053
new_employee_year_34_key_male_groupe_2_year_34;99994,47763312282
new_employee_year_34_key_male_groupe_6_year_34;329981,7761893053
new_employee_year_34_key_male_groupe_3_year_34;145991,93734435932
new_employee_year_34_key_male_groupe_7_year_34;619965,7613253616
new_employee_year_34_key_male_groupe_4_year_34;205988,62392423302
new_employee_year_34_key_male_groupe_11_year_34;1119938,1494909755
new_employee_year_34_key_male_groupe_8_year_34;653963,8837206233
new_employee_year_34_key_male_groupe_10_year_34;789956,3733016703
new_employee_year_34_key_male_groupe_9_year_34;769957,4777750458
new_employee_year_34_key_male_groupe_1_year_34;99994,47763312282
new_employee_year_35_key_male_groupe_5_year_35;336581,4117130914
new_employee_year_35_key_male_groupe_2_year_35;101994,36718578528
new_employee_year_35_key_male_groupe_6_year_35;336581,4117130914
new_employee_year_35_key_male_groupe_3_year_35;148911,7760912465
new_employee_year_35_key_male_groupe_7_year_35;632365,0765518687
new_employee_year_35_key_male_groupe_4_year_35;210108,39640271766
new_employee_year_35_key_male_groupe_11_year_35;1142336,912480795
new_employee_year_35_key_male_groupe_8_year_35;667043,1613950357
new_employee_year_35_key_male_groupe_10_year_35;805755,5007677036
new_employee_year_35_key_male_groupe_9_year_35;785356,6273305466
new_employee_year_35_key_male_groupe_1_year_35;101994,36718578528
new_employee_year_36_key_male_groupe_5_year_36;343313,03994735325
new_employee_year_36_key_male_groupe_2_year_36;104034,25452950099
new_employee_year_36_key_male_groupe_6_year_36;343313,03994735325
new_employee_year_36_key_male_groupe_3_year_36;151890,01161307146
new_employee_year_36_key_male_groupe_7_year_36;645012,3780829061
new_employee_year_36_key_male_groupe_4_year_36;214310,56433077203
new_employee_year_36_key_male_groupe_11_year_36;1165183,650730411
new_employee_year_36_key_male_groupe_8_year_36;680384,0246229365
new_employee_year_36_key_male_groupe_10_year_36;821870,6107830579
new_employee_year_36_key_male_groupe_9_year_36;801063,7598771576
new_employee_year_36_key_male_groupe_1_year_36;104034,25452950099
new_employee_year_37_key_male_groupe_5_year_37;350179,3007463003
new_employee_year_37_key_male_groupe_2_year_37;106114,939620091
new_employee_year_37_key_male_groupe_6_year_37;350179,3007463003
new_employee_year_37_key_male_groupe_3_year_37;154927,81184533285
new_employee_year_37_key_male_groupe_7_year_37;657912,6256445642
new_employee_year_37_key_male_groupe_4_year_37;218596,77561738747
new_employee_year_37_key_male_groupe_11_year_37;1188487,3237450193
new_employee_year_37_key_male_groupe_8_year_37;693991,7051153951
new_employee_year_37_key_male_groupe_10_year_37;838308,0229987189
new_employee_year_37_key_male_groupe_9_year_37;817085,0350747007
new_employee_year_37_key_male_groupe_1_year_37;106114,939620091
new_employee_year_38_key_male_groupe_5_year_38;357182,8867612263
new_employee_year_38_key_male_groupe_2_year_38;108237,23841249282
new_employee_year_38_key_male_groupe_6_year_38;357182,8867612263
new_employee_year_38_key_male_groupe_3_year_38;158026,36808223953
new_employee_year_38_key_male_groupe_7_year_38;671070,8781574555
new_employee_year_38_key_male_groupe_4_year_38;222968,7111297352
new_employee_year_38_key_male_groupe_11_year_38;1212257,0702199196
new_employee_year_38_key_male_groupe_8_year_38;707871,539217703
new_employee_year_38_key_male_groupe_10_year_38;855074,1834586933
new_employee_year_38_key_male_groupe_9_year_38;833426,7357761947
new_employee_year_38_key_male_groupe_1_year_38;108237,23841249282
new_employee_year_39_key_male_groupe_5_year_39;364326,54449645086
new_employee_year_39_key_male_groupe_2_year_39;110401,98318074268
new_employee_year_39_key_male_groupe_6_year_39;364326,54449645086
new_employee_year_39_key_male_groupe_3_year_39;161186,8954438843
new_employee_year_39_key_male_groupe_7_year_39;684492,2957206046
new_employee_year_39_key_male_groupe_4_year_39;227428,08535232992
new_employee_year_39_key_male_groupe_11_year_39;1236502,211624318
new_employee_year_39_key_male_groupe_8_year_39;722028,9700020571
new_employee_year_39_key_male_groupe_10_year_39;872175,6671278672
new_employee_year_39_key_male_groupe_9_year_39;850095,2704917187
new_employee_year_39_key_male_groupe_1_year_39;110401,98318074268
new_employee_year_40_key_male_groupe_5_year_40;371613,0753863799
new_employee_year_40_key_male_groupe_2_year_40;112610,02284435755
new_employee_year_40_key_male_groupe_6_year_40;371613,0753863799
new_employee_year_40_key_male_groupe_3_year_40;164410,63335276203
new_employee_year_40_key_male_groupe_7_year_40;698182,1416350168
new_employee_year_40_key_male_groupe_4_year_40;231976,64705937656
new_employee_year_40_key_male_groupe_11_year_40;1261232,2558568045
new_employee_year_40_key_male_groupe_8_year_40;736469,5494020984
new_employee_year_40_key_male_groupe_10_year_40;889619,1804704246
new_employee_year_40_key_male_groupe_9_year_40;867097,1759015531
new_employee_year_40_key_male_groupe_1_year_40;112610,02284435755
new_employee_year_41_key_male_groupe_5_year_41;379045,33689410746
new_employee_year_41_key_male_groupe_2_year_41;114862,2233012447
new_employee_year_41_key_male_groupe_6_year_41;379045,33689410746
new_employee_year_41_key_male_groupe_3_year_41;167698,84601981725
new_employee_year_41_key_male_groupe_7_year_41;712145,784467717
new_employee_year_41_key_male_groupe_4_year_41;236616,18000056405
new_employee_year_41_key_male_groupe_11_year_41;1286456,9009739405
new_employee_year_41_key_male_groupe_8_year_41;751198,9403901403
new_employee_year_41_key_male_groupe_10_year_41;907411,5640798331
new_employee_year_41_key_male_groupe_9_year_41;884439,1194195842
new_employee_year_41_key_male_groupe_1_year_41;114862,2233012447
new_employee_year_42_key_male_groupe_5_year_42;386626,2436319897
new_employee_year_42_key_male_groupe_2_year_42;117159,4677672696
new_employee_year_42_key_male_groupe_6_year_42;386626,2436319897
new_employee_year_42_key_male_groupe_3_year_42;171052,8229402136
new_employee_year_42_key_male_groupe_7_year_42;726388,7001570715
new_employee_year_42_key_male_groupe_4_year_42;241348,50360057538
new_employee_year_42_key_male_groupe_11_year_42;1312186,0389934196
new_employee_year_42_key_male_groupe_8_year_42;766222,9191979432
new_employee_year_42_key_male_groupe_10_year_42;925559,7953614298
new_employee_year_42_key_male_groupe_9_year_42;902127,901807976
new_employee_year_42_key_male_groupe_1_year_42;117159,4677672696
new_employee_year_43_key_male_groupe_5_year_43;394358,76850462944
new_employee_year_43_key_male_groupe_2_year_43;119502,65712261498
new_employee_year_43_key_male_groupe_6_year_43;394358,76850462944
new_employee_year_43_key_male_groupe_3_year_43;174473,87939901787
new_employee_year_43_key_male_groupe_7_year_43;740916,4741602129
new_employee_year_43_key_male_groupe_4_year_43;246175,47367258687
new_employee_year_43_key_male_groupe_11_year_43;1338429,759773288
new_employee_year_43_key_male_groupe_8_year_43;781547,377581902
new_employee_year_43_key_male_groupe_10_year_43;944070,9912686584
new_employee_year_43_key_male_groupe_9_year_43;920170,4598441354
new_employee_year_43_key_male_groupe_1_year_43;119502,65712261498
new_employee_year_44_key_male_groupe_5_year_44;402245,94387472206
new_employee_year_44_key_male_groupe_2_year_44;121892,71026506729
new_employee_year_44_key_male_groupe_6_year_44;402245,94387472206
new_employee_year_44_key_male_groupe_3_year_44;177963,35698699826
new_employee_year_44_key_male_groupe_7_year_44;755734,8036434172
new_employee_year_44_key_male_groupe_4_year_44;251098,98314603863
new_employee_year_44_key_male_groupe_11_year_44;1365198,3549687536
new_employee_year_44_key_male_groupe_8_year_44;797178,3251335401
new_employee_year_44_key_male_groupe_10_year_44;962952,4110940316
new_employee_year_44_key_male_groupe_9_year_44;938573,8690410182
new_employee_year_44_key_male_groupe_1_year_44;121892,71026506729
new_employee_year_45_key_male_groupe_5_year_45;410290,86275221646
new_employee_year_45_key_male_groupe_2_year_45;124330,56447036863
new_employee_year_45_key_male_groupe_6_year_45;410290,86275221646
new_employee_year_45_key_male_groupe_3_year_45;181522,6241267382
new_employee_year_45_key_male_groupe_7_year_45;770849,4997162855
new_employee_year_45_key_male_groupe_4_year_45;256120,9628089594
new_employee_year_45_key_male_groupe_11_year_45;1392502,3220681287
new_employee_year_45_key_male_groupe_8_year_45;813121,8916362108
new_employee_year_45_key_male_groupe_10_year_45;982211,4593159122
new_employee_year_45_key_male_groupe_9_year_45;957345,3464218385
new_employee_year_45_key_male_groupe_1_year_45;124330,56447036863
new_employee_year_46_key_male_groupe_5_year_46;418496,6800072608
new_employee_year_46_key_male_groupe_2_year_46;126817,175759776
new_employee_year_46_key_male_groupe_6_year_46;418496,6800072608
new_employee_year_46_key_male_groupe_3_year_46;185153,07660927298
new_employee_year_46_key_male_groupe_7_year_46;786266,4897106112
new_employee_year_46_key_male_groupe_4_year_46;261243,38206513858
new_employee_year_46_key_male_groupe_11_year_46;1420352,3685094912
new_employee_year_46_key_male_groupe_8_year_46;829384,329468935
new_employee_year_46_key_male_groupe_10_year_46;1001855,6885022304
new_employee_year_46_key_male_groupe_9_year_46;976492,2533502752
new_employee_year_46_key_male_groupe_1_year_46;126817,175759776
new_employee_year_47_key_male_groupe_5_year_47;426866,6136074061
new_employee_year_47_key_male_groupe_2_year_47;129353,51927497154
new_employee_year_47_key_male_groupe_6_year_47;426866,6136074061
new_employee_year_47_key_male_groupe_3_year_47;188856,13814145845
new_employee_year_47_key_male_groupe_7_year_47;801991,8195048235
new_employee_year_47_key_male_groupe_4_year_47;266468,24970644136
new_employee_year_47_key_male_groupe_11_year_47;1448759,4158796812
new_employee_year_47_key_male_groupe_8_year_47;845972,0160583139
new_employee_year_47_key_male_groupe_10_year_47;1021892,8022722752
new_employee_year_47_key_male_groupe_9_year_47;996022,0984172808
new_employee_year_47_key_male_groupe_1_year_47;129353,51927497154
new_employee_year_48_key_male_groupe_5_year_48;435403,9458795542
new_employee_year_48_key_male_groupe_2_year_48;131940,58966047099
new_employee_year_48_key_male_groupe_6_year_48;435403,9458795542
new_employee_year_48_key_male_groupe_3_year_48;192633,26090428763
new_employee_year_48_key_male_groupe_7_year_48;818031,65589492
new_employee_year_48_key_male_groupe_4_year_48;271797,61470057024
new_employee_year_48_key_male_groupe_11_year_48;1477734,604197275
new_employee_year_48_key_male_groupe_8_year_48;862891,4563794802
new_employee_year_48_key_male_groupe_10_year_48;1042330,6583177208
new_employee_year_48_key_male_groupe_9_year_48;1015942,5403856265
new_employee_year_48_key_male_groupe_1_year_48;131940,58966047099
new_employee_year_49_key_male_groupe_5_year_49;444112,0247971453
new_employee_year_49_key_male_groupe_2_year_49;134579,4014536804
new_employee_year_49_key_male_groupe_6_year_49;444112,0247971453
new_employee_year_49_key_male_groupe_3_year_49;196485,92612237338
new_employee_year_49_key_male_groupe_7_year_49;834392,2890128185
new_employee_year_49_key_male_groupe_4_year_49;277233,5669945816
new_employee_year_49_key_male_groupe_11_year_49;1507289,2962812204
new_employee_year_49_key_male_groupe_8_year_49;880149,2855070698
new_employee_year_49_key_male_groupe_10_year_49;1063177,271484075
new_employee_year_49_key_male_groupe_9_year_49;1036261,391193339
new_employee_year_49_key_male_groupe_1_year_49;134579,4014536804
new_employee_year_50_key_male_groupe_5_year_50;452994,2652930882
new_employee_year_50_key_male_groupe_2_year_50;137270,989482754
new_employee_year_50_key_male_groupe_6_year_50;452994,2652930882
new_employee_year_50_key_male_groupe_3_year_50;200415,64464482083
new_employee_year_50_key_male_groupe_7_year_50;851080,1347930748
new_employee_year_50_key_male_groupe_4_year_50;282778,2383344732
new_employee_year_50_key_male_groupe_11_year_50;1537435,0822068448
new_employee_year_50_key_male_groupe_8_year_50;897752,2712172111
new_employee_year_50_key_male_groupe_10_year_50;1084440,8169137565
new_employee_year_50_key_male_groupe_9_year_50;1056986,619017206
new_employee_year_50_key_male_groupe_1_year_50;137270,989482754
new_employee_year_51_key_male_groupe_5_year_51;462054,15059895
new_employee_year_51_key_male_groupe_2_year_51;140016,40927240907
new_employee_year_51_key_male_groupe_6_year_51;462054,15059895
new_employee_year_51_key_male_groupe_3_year_51;204423,95753771727
new_employee_year_51_key_male_groupe_7_year_51;868101,7374889363
new_employee_year_51_key_male_groupe_4_year_51;288433,8031011627
new_employee_year_51_key_male_groupe_11_year_51;1568183,7838509816
new_employee_year_51_key_male_groupe_8_year_51;915707,3166415554
new_employee_year_51_key_male_groupe_10_year_51;1106129,6332520316
new_employee_year_51_key_male_groupe_9_year_51;1078126,35139755
new_employee_year_51_key_male_groupe_1_year_51;140016,40927240907
new_employee_year_52_key_male_groupe_5_year_52;471295,23361092893
new_employee_year_52_key_male_groupe_2_year_52;142816,73745785726
new_employee_year_52_key_male_groupe_6_year_52;471295,23361092893
new_employee_year_52_key_male_groupe_3_year_52;208512,4366884716
new_employee_year_52_key_male_groupe_7_year_52;885463,772238715
new_employee_year_52_key_male_groupe_4_year_52;294202,4791631859
new_employee_year_52_key_male_groupe_11_year_52;1599547,4595280013
new_employee_year_52_key_male_groupe_8_year_52;934021,4629743864
new_employee_year_52_key_male_groupe_10_year_52;1128252,2259170723
new_employee_year_52_key_male_groupe_9_year_52;1099688,8784255008
new_employee_year_52_key_male_groupe_1_year_52;142816,73745785726
new_employee_year_53_key_male_groupe_5_year_53;480721,1382831476
new_employee_year_53_key_male_groupe_2_year_53;145673,07220701443
new_employee_year_53_key_male_groupe_6_year_53;480721,1382831476
new_employee_year_53_key_male_groupe_3_year_53;212682,68542224105
new_employee_year_53_key_male_groupe_7_year_53;903173,0476834894
new_employee_year_53_key_male_groupe_4_year_53;300086,5287464497
new_employee_year_53_key_male_groupe_11_year_53;1631538,4087185615
new_employee_year_53_key_male_groupe_8_year_53;952701,8922338743
new_employee_year_53_key_male_groupe_10_year_53;1150817,2704354138
new_employee_year_53_key_male_groupe_9_year_53;1121682,655994011
new_employee_year_53_key_male_groupe_1_year_53;145673,07220701443
new_employee_year_54_key_male_groupe_5_year_54;490335,56104881054
new_employee_year_54_key_male_groupe_2_year_54;148586,5336511547
new_employee_year_54_key_male_groupe_6_year_54;490335,56104881054
new_employee_year_54_key_male_groupe_3_year_54;216936,33913068587
new_employee_year_54_key_male_groupe_7_year_54;921236,5086371591
new_employee_year_54_key_male_groupe_4_year_54;306088,2593213787
new_employee_year_54_key_male_groupe_11_year_54;1664169,1768929327
new_employee_year_54_key_male_groupe_8_year_54;971755,9300785518
new_employee_year_54_key_male_groupe_10_year_54;1173833,6158441221
new_employee_year_54_key_male_groupe_9_year_54;1144116,3091138913
new_employee_year_54_key_male_groupe_1_year_54;148586,5336511547
new_employee_year_55_key_male_groupe_5_year_55;500142,27226978674
new_employee_year_55_key_male_groupe_2_year_55;151558,2643241778
new_employee_year_55_key_male_groupe_6_year_55;500142,27226978674
new_employee_year_55_key_male_groupe_3_year_55;221275,0659132996
new_employee_year_55_key_male_groupe_7_year_55;939661,2388099023
new_employee_year_55_key_male_groupe_4_year_55;312210,0245078063
new_employee_year_55_key_male_groupe_11_year_55;1697452,5604307915
new_employee_year_55_key_male_groupe_8_year_55;991191,0486801228
new_employee_year_55_key_male_groupe_10_year_55;1197310,2881610047
new_employee_year_55_key_male_groupe_9_year_55;1166998,6352961692
new_employee_year_55_key_male_groupe_1_year_55;151558,2643241778
new_employee_year_56_key_male_groupe_5_year_56;510145,1177151825
new_employee_year_56_key_male_groupe_2_year_56;154589,42961066135
new_employee_year_56_key_male_groupe_6_year_56;510145,1177151825
new_employee_year_56_key_male_groupe_3_year_56;225700,56723156557
new_employee_year_56_key_male_groupe_7_year_56;958454,4635861004
new_employee_year_56_key_male_groupe_4_year_56;318454,2249979624
new_employee_year_56_key_male_groupe_11_year_56;1731401,6116394072
new_employee_year_56_key_male_groupe_8_year_56;1011014,8696537253
new_employee_year_56_key_male_groupe_10_year_56;1221256,4939242247
new_employee_year_56_key_male_groupe_9_year_56;1190338,6080020925
new_employee_year_56_key_male_groupe_1_year_56;154589,42961066135
new_employee_year_57_key_male_groupe_5_year_57;520348,02006948617
new_employee_year_57_key_male_groupe_2_year_57;157681,2182028746
new_employee_year_57_key_male_groupe_6_year_57;520348,02006948617
new_employee_year_57_key_male_groupe_3_year_57;230214,57857619692
new_employee_year_57_key_male_groupe_7_year_57;977623,5528578225
new_employee_year_57_key_male_groupe_4_year_57;324823,30949792167
new_employee_year_57_key_male_groupe_11_year_57;1766029,6438721954
new_employee_year_57_key_male_groupe_8_year_57;1031235,1670467999
new_employee_year_57_key_male_groupe_10_year_57;1245681,6238027094
new_employee_year_57_key_male_groupe_9_year_57;1214145,3801621343
new_employee_year_57_key_male_groupe_1_year_57;157681,2182028746
new_employee_year_58_key_male_groupe_5_year_58;530754,9804708759
new_employee_year_58_key_male_groupe_2_year_58;160834,8425669321
new_employee_year_58_key_male_groupe_6_year_58;530754,9804708759
new_employee_year_58_key_male_groupe_3_year_58;234818,87014772082
new_employee_year_58_key_male_groupe_7_year_58;997176,0239149788
new_employee_year_58_key_male_groupe_4_year_58;331319,77568788006
new_employee_year_58_key_male_groupe_11_year_58;1801350,2367496393
new_employee_year_58_key_male_groupe_8_year_58;1051859,8703877358
new_employee_year_58_key_male_groupe_10_year_58;1270595,2562787635
new_employee_year_58_key_male_groupe_9_year_58;1238428,287765377
new_employee_year_58_key_male_groupe_1_year_58;160834,8425669321
new_employee_year_59_key_male_groupe_5_year_59;541370,0800802935
new_employee_year_59_key_male_groupe_2_year_59;164051,53941827072
new_employee_year_59_key_male_groupe_6_year_59;541370,0800802935
new_employee_year_59_key_male_groupe_3_year_59;239515,24755067527
new_employee_year_59_key_male_groupe_7_year_59;1017119,5443932785
new_employee_year_59_key_male_groupe_4_year_59;337946,1712016377
new_employee_year_59_key_male_groupe_11_year_59;1837377,2414846322
new_employee_year_59_key_male_groupe_8_year_59;1072897,0677954906
new_employee_year_59_key_male_groupe_10_year_59;1296007,1614043387
new_employee_year_59_key_male_groupe_9_year_59;1263196,8535206846
new_employee_year_59_key_male_groupe_1_year_59;164051,53941827072
